{
    "1": {
        "corner_points": {
            "top_left": {
                "x": 404.67890956584745,
                "y": -782.6524353124673,
                "z": 535.6204193887329
            },
            "top_right": {
                "x": 309.10557453593503,
                "y": -757.0506541538853,
                "z": 550.121661945185
            },
            "bottom_right": {
                "x": 336.9165409367153,
                "y": -662.356790399052,
                "z": 566.2344451996328
            },
            "bottom_left": {
                "x": 432.48987596662766,
                "y": -687.9585715576341,
                "z": 551.7332026431807
            }
        }
    },
    "2": {
        "corner_points": {
            "top_left": {
                "x": 528.2799788972179,
                "y": -501.7629950329798,
                "z": 545.5513868939659
            },
            "top_right": {
                "x": 456.06104308243437,
                "y": -436.60738164300534,
                "z": 568.7714438275782
            },
            "bottom_right": {
                "x": 523.8063430147524,
                "y": -363.20286821970467,
                "z": 573.4991412808284
            },
            "bottom_left": {
                "x": 596.0252788295361,
                "y": -428.3584816096791,
                "z": 550.2790843472161
            }
        }
    },
    "0": {
        "corner_points": {
            "top_left": {
                "x": 496.7075330716402,
                "y": -689.401071245634,
                "z": 537.7392102676765
            },
            "top_right": {
                "x": 499.09535575923644,
                "y": -592.4165765044268,
                "z": 561.9942228604591
            },
            "bottom_right": {
                "x": 598.7533023061169,
                "y": -592.8057660488593,
                "z": 553.7394215524896
            },
            "bottom_left": {
                "x": 596.3654796185208,
                "y": -689.7902607900663,
                "z": 529.484408959707
            }
        }
    },
    "26": {
        "corner_points": {
            "top_left": {
                "x": 1654.2343095850474,
                "y": 81.5070816159955,
                "z": 1236.9513945289027
            },
            "top_right": {
                "x": 1753.6233086601615,
                "y": 92.5041607312719,
                "z": 1236.0075674955128
            },
            "bottom_right": {
                "x": 1755.46387673604,
                "y": 67.55981951534079,
                "z": 1139.1861251412195
            },
            "bottom_left": {
                "x": 1656.074877660926,
                "y": 56.5627404000644,
                "z": 1140.1299521746091
            }
        }
    },
    "25": {
        "corner_points": {
            "top_left": {
                "x": -290.5491454262201,
                "y": 207.58984310168034,
                "z": 1600.1820341092618
            },
            "top_right": {
                "x": -190.55695806882002,
                "y": 208.70741410568183,
                "z": 1600.7416937508394
            },
            "bottom_right": {
                "x": -189.9694218194528,
                "y": 206.20052635171444,
                "z": 1500.7748500486268
            },
            "bottom_left": {
                "x": -289.96160917685285,
                "y": 205.08295534771293,
                "z": 1500.2151904070497
            }
        }
    }
}