{
    "rotation_vector": [
        [
            -0.1955870413595378
        ],
        [
            -2.6474555335379617
        ],
        [
            -0.48522137585193637
        ]
    ],
    "translation_vector": [
        [
            169.60710422979434
        ],
        [
            -522.8897568966818
        ],
        [
            2362.8311306608894
        ]
    ]
}