{
    "rotation_vector": [
        [
            2.160908402542162
        ],
        [
            0.6295650040640688
        ],
        [
            -0.26524814019351317
        ]
    ],
    "translation_vector": [
        [
            -288.2472797528939
        ],
        [
            -135.31360413127194
        ],
        [
            2051.9848953752803
        ]
    ]
}