{
    "rotation_vector": [
        [
            1.663255246380941
        ],
        [
            0.3222435043728274
        ],
        [
            -0.309052456085339
        ]
    ],
    "translation_vector": [
        [
            -919.0188439874356
        ],
        [
            1024.0312250095853
        ],
        [
            2729.743463863307
        ]
    ]
}