{
    "rotation_vector": [
        [
            2.2935158572208256
        ],
        [
            0.5171063418988133
        ],
        [
            -0.18010865437913712
        ]
    ],
    "translation_vector": [
        [
            -186.85322748743798
        ],
        [
            -193.5155056912307
        ],
        [
            2015.9585238239395
        ]
    ]
}