{
    "rotation_vector": [
        [
            2.1646865741122583
        ],
        [
            -0.05876401226345519
        ],
        [
            0.030604134823192092
        ]
    ],
    "translation_vector": [
        [
            -295.6265273963216
        ],
        [
            16.625360289573756
        ],
        [
            822.6091933979613
        ]
    ]
}