{
    "rotation_vector": [
        [
            2.137294759046962
        ],
        [
            -0.7452162821262456
        ],
        [
            0.3510552913235112
        ]
    ],
    "translation_vector": [
        [
            -40.971764601983246
        ],
        [
            -10.461804397428606
        ],
        [
            802.9271351414891
        ]
    ]
}