{
    "rotation_vector": [
        [
            1.9506036372195905
        ],
        [
            0.7224479711205232
        ],
        [
            -0.33764674436289666
        ]
    ],
    "translation_vector": [
        [
            -807.5614808971924
        ],
        [
            -91.90085912721678
        ],
        [
            2740.7566700735592
        ]
    ]
}