{
    "rotation_vector": [
        [
            2.063821765067677
        ],
        [
            0.4113191857441417
        ],
        [
            -0.2068361763091228
        ]
    ],
    "translation_vector": [
        [
            -460.212202505709
        ],
        [
            202.5394666744316
        ],
        [
            2158.9796983330134
        ]
    ]
}