{"1": {"position": [-2789.8133157243747, 3538.332816358558, -697.889856590386], "yaw_deg": 159.62079571431565}}