{"0": {"position": [619.9611483281927, 864.8097317708202, -569.0213276616246], "yaw_deg": -1.4317444127660266}, "2": {"position": [1117.5151625968388, 967.324430516867, -645.6651275363399], "yaw_deg": 45.23108488584272}, "1": {"position": [653.7785948092807, 1313.9692171803345, -600.1129503117822], "yaw_deg": 43.36725590945746}}