{"0": {"position": [790.3099583255889, 890.2456965782305, -583.3139490082627], "yaw_deg": -6.407226457742794}, "2": {"position": [1283.7498097771042, 945.9199211169176, -646.866861316816], "yaw_deg": 41.59266960910689}, "1": {"position": [892.5510300382957, 1385.8167443957298, -641.2259377855246], "yaw_deg": 39.46569404541893}}