{"1": {"position": [249.27478463364056, 456.7057674682062, 234.90968955991903], "yaw_deg": 267.6201744892086}, "2": {"position": [-73.2696583070545, 1685.9988681508653, -89.59478039745284], "yaw_deg": 270.3493930077232}}